source,section,file_count,name
Annotation.zip,.DS_Store,1,
Annotation.zip,compare_points,11,
Annotation.zip,annotation backup,699,
Annotation.zip,output,3947,
Annotation.zip,q3dv_tools2023,878,
Annotation.zip,version7(avg2),690,
Annotation.zip,version6,1380,
Annotation.zip,version1,1396,
Annotation.zip,version8(avg4),345,
Annotation.zip,version4,1396,
Annotation.zip,version3,1396,
Annotation.zip,version2,1396,
Annotation.zip,version5,1396,
images.zip,images,345,
tools.zip,provided_executable,1,clm3d_build_model.exe
tools.zip,provided_executable,1,msm3d_build_shape_model.exe
tools.zip,provided_executable,1,clm3d_add_searchers.exe
tools.zip,provided_executable,1,clm3d_search_set.exe
tools.zip,provided_executable,1,hrf3d_create_reg_vote_scanner.exe
tools.zip,provided_executable,1,clm3d_gss3d_test_search.exe
tools.zip,provided_executable,1,msm3d_get_shape_params.exe
tools.zip,provided_executable,1,msm3d_draw_shape_modes.exe
tools.zip,provided_executable,1,clm3d_gss3d_search_set.exe
tools.zip,provided_executable,1,clm3d_test_model.exe
tools.zip,provided_executable,1,clm3d_make_gss3d_model.exe
tools.zip,provided_executable,1,mrtr_build_tree.exe
